亜;Asia, rank next, come after;つ.ぐ;ア;1
阿;Africa, flatter, fawn upon;おもね.る, くま;ア, オ;1
哀;pathetic, grief, sorrow;あわ.れ, あわ.れむ, かな.しい;アイ;1
葵;hollyhock, malva real, malva loca;あおい;キ;1
茜;madder, red dye, Turkey red;あかね;セン;1
握;grip, hold, mould sushi;にぎ.る;アク;1
渥;kindness, moisten, bondad;あつ.い, うるお.う;アク;1
旭;rising sun, morning sun, soleil levant;あさひ;キョク;1
梓;catalpa tree, woodblock printing, catalpa;あずさ;シ;1
扱;handle, entertain, thresh;あつか.い, あつか.う, あつか.る;ソウ, キュウ;1
絢;brilliant fabric design, magnífico, resplandeciente;;ケン;1
綾;design, figured cloth, twill;あや;リン;1
鮎;freshwater trout, smelt, trucha;あゆ, なまず;デン, ネン;1
杏;apricot, abricot, albaricoque;あんず;キョウ, アン, コウ;1
伊;Italy, that one, Italie;かれ;イ;1
威;intimidate, dignity, majesty;おど.す, おど.し, おど.かす;イ;1
尉;military officer, jailer, old man;;イ, ジョウ;1
惟;consider, reflect, think;おも.んみる, これ, おも.うに;イ, ユイ;1
慰;consolation, amusement, seduce;なぐさ.める, なぐさ.む;イ;1
為;do, change, make;ため, な.る, な.す;イ;1
維;fiber, tie, rope;;イ;1
緯;horizontal, woof, left & right;よこいと, ぬき;イ;1
遺;bequeath, leave behind, reserve;のこ.す;イ, ユイ;1
井;well, well crib, town;い;セイ, ショウ;1
亥;sign of the hog, 9-11PM, twelfth sign of the Chinese zodiac;い;ガイ, カイ;1
郁;cultural progress, perfume, aromático;;イク;1
磯;seashore, beach, playa rocosa;いそ;キ;1
壱;one (in documents), un (I), I;ひとつ;イチ, イツ;1
逸;deviate, idleness, leisure;そ.れる, そ.らす, はぐ.れる;イツ;1
稲;rice plant, plant de riz, planta de arroz;いね, いな-;トウ, テ;1
芋;potato, pomme de terre, patata;いも;ウ;1
允;license, sincerity, permit;じょう, まこと.に, ゆるす;イン;1
姻;matrimony, marry, conjugal;;イン;1
胤;descendent, issue, offspring;たね;イン;1
陰;shade, yin, negative;かげ, かげ.る;イン;1
隠;conceal, hide, cover;かく.す, かく.し, かく.れる;イン, オン;1
韻;rhyme, elegance, tone;;イン;1
卯;sign of the hare or rabbit, fourth sign of Chinese zodiac, 5-7AM;う;ボウ, モウ;1
丑;sign of the ox or cow, 1-3AM, second sign of Chinese zodiac;うし;チュウ;1
渦;whirlpool, eddy, vortex;うず;カ;1
唄;song, ballad, canción;うた, うた.う;バイ;1
浦;bay, creek, inlet;うら;ホ;1
叡;intelligence, imperial, inteligente;あき.らか;エイ;1
影;shadow, silhouette, phantom;かげ;エイ;1
瑛;sparkle of jewelry, crystal, brillo de las joyas;;エイ;1
衛;defense, protection, défense;;エイ, エ;1
詠;recitation, poem, song;よ.む, うた.う;エイ;1
疫;epidemic, épidémie, epidemia;;エキ, ヤク;1
益;benefit, gain, profit;ま.す;エキ, ヤク;1
悦;ecstasy, joy, rapture;よろこ.ぶ, よろこ.ばす;エツ;1
謁;audience, audience (with king), audience;;エツ;1
閲;review, inspection, revision;けみ.する;エツ;1
宴;banquet, feast, party;うたげ;エン;1
援;abet, help, save;;エン;1
沿;run alongside, follow along, run along;そ.う, -ぞ.い;エン;1
炎;inflammation, flame, blaze;ほのお;エン;1
猿;monkey, singe, mono;さる;エン;1
縁;affinity, relation, connection;ふち, ふちど.る, ゆかり;エン, -ネン;1
艶;glossy, luster, glaze;つや, なま.めかしい, あで.やか;エン;1
苑;garden, farm, park;その, う.つ;エン, オン;1
鉛;lead, plomb, plomo;なまり;エン;1
於;at, in, on;おい.て, お.ける, ああ;オ, ヨ;1
凹;concave, hollow, sunken;くぼ.む, へこ.む, ぼこ;オウ;1
往;journey, travel, chase away;い.く, いにしえ, さき.に;オウ;1
旺;flourishing, successful, beautiful;かがや.き, うつくし.い, さかん;オウ, キョウ, ゴウ;1
殴;assault, hit, beat;なぐ.る;オウ;1
翁;venerable old man, vénérable vieillard, anciano;おきな;オウ;1
沖;open sea, offing, rise high into sky;おき, おきつ, ちゅう.する;チュウ;1
憶;recollection, think, remember;;オク;1
乙;the latter, duplicate, strange;おと-, きのと;オツ, イツ;1
卸;wholesale, vente en gros, venta al por mayor;おろ.す, おろし, おろ.し;シャ;1
恩;grace, kindness, goodness;;オン;1
穏;calm, quiet, moderation;おだ.やか;オン;1
伽;nursing, attending, entertainer;とぎ;カ, ガ, キャ;1
佳;excellent, beautiful, good;;カ;1
嘉;applaud, praise, esteem;よみ.する, よい;カ;1
嫁;marry into, bride, prendre mari;よめ, とつ.ぐ, い.く;カ;1
寡;widow, minority, few;;カ;1
暇;spare time, rest, leisure;ひま, いとま;カ;1
架;erect, frame, mount;か.ける, か.かる;カ;1
禍;calamity, misfortune, evil;わざわい;カ;1
稼;earnings, work, earn money;かせ.ぐ;カ;1
箇;counters for things, unités, compteur de choses;;カ, コ;1
茄;eggplant, berenjena;;カ;1
華;splendor, flower, petal;はな;カ, ケ;1
霞;be hazy, grow dim, blurred;かすみ, かす.む;カ, ゲ;1
蚊;mosquito, moustique, mosquito;か;ブン;1
我;ego, I, selfish;われ, わ, わ.が-;ガ;1
芽;bud, sprout, spear;め;ガ;1
賀;congratulations, joy, félicitations;;ガ;1
雅;gracious, elegant, graceful;みや.び;ガ;1
餓;starve, hungry, thirst;う.える;ガ;1
塊;clod, lump, chunk;かたまり, つちくれ;カイ, ケ;1
壊;demolition, break, destroy;こわ.す, こわ.れる, やぶ.る;カイ, エ;1
怪;suspicious, mystery, apparition;あや.しい, あや.しむ;カイ, ケ;1
悔;repent, regret, regret;く.いる, く.やむ, くや.しい;カイ;1
懐;pocket, feelings, heart;ふところ, なつ.かしい, なつ.かしむ;カイ, エ;1
戒;commandment, châtiment, avertissement;いまし.める;カイ;1
拐;kidnap, falsify, rapt;;カイ;1
魁;charging ahead of others, carga;さきがけ, かしら;カイ;1
凱;victory song, grito de victoria, victoria;かちどき, やわらぐ;ガイ, カイ;1
劾;censure, criminal investigation, censure;;ガイ;1
慨;rue, be sad, sigh;;ガイ;1
概;outline, condition, approximation;おおむ.ね;ガイ;1
涯;horizon, shore, limit;はて;ガイ;1
街;boulevard, street, town;まち;ガイ, カイ;1
該;above-stated, the said, that specific;;ガイ;1
馨;fragrant, balmy, favourable;かお.る, かおり;ケイ, キョウ;1
垣;hedge, fence, wall;かき;エン;1
嚇;menacing, dignity, majesty;おど.す;カク;1
核;nucleus, core, kernel;;カク;1
殻;husk, nut shell, coquille;から, がら;カク, コク, バイ;1
獲;seize, get, find;え.る;カク;1
穫;harvest, reap, récolte;;カク;1
郭;enclosure, quarters, fortification;くるわ;カク;1
閣;tower, tall building, palace;;カク;1
隔;isolate, alternate, distance;へだ.てる, へだ.たる;カク;1
岳;point, peak, mountain;たけ;ガク;1
掛;hang, suspend, depend;か.ける, -か.ける, か.け;カイ, ケイ;1
潟;lagoon, lagon, laguna;かた, -がた;セキ;1
喝;hoarse, scold, gronder;;カツ;1
括;fasten, tie up, arrest;くく.る;カツ;1
渇;thirst, dry up, parch;かわ.く;カツ;1
滑;slippery, slide, slip;すべ.る, なめ.らか;カツ, コツ;1
褐;brown, woollen kimono, brun;;カツ;1
轄;control, wedge, contrôle;くさび;カツ;1
且;moreover, also, furthermore;か.つ;ショ, ソ, ショウ;1
叶;grant, answer, concesión;かな.える, かな.う;キョウ;1
樺;birch, dark red, abedul;かば, かんば;カ;1
株;stocks, stump, shares;かぶ;シュ;1
鎌;sickle, scythe, trick;かま;レン, ケン;1
茅;miscanthus reed, gramíneas (junco, heno;かや, ちがや;ボウ, ミョウ;1
刈;reap, cut, clip;か.る;ガイ, カイ;1
侃;strong, just, righteous;つよ.い;カン;1
冠;crown, best, peerless;かんむり;カン;1
勘;intuition, perception, check;;カン;1
勧;persuade, recommend, advise;すす.める;カン, ケン;1
喚;yell, cry, call;わめ.く;カン;1
堪;withstand, endure, support;た.える, たま.る, こら.える;カン, タン;1
寛;tolerant, leniency, generosity;くつろ.ぐ, ひろ.い, ゆる.やか;カン;1
幹;tree trunk, tronc d'arbre, pièce principale;みき;カン;1
患;afflicted, disease, suffer from;わずら.う;カン;1
憾;remorse, regret, be sorry;うら.む;カン;1
敢;daring, brave, bold;あ.えて, あ.えない, あ.えず;カン;1
棺;coffin, casket, cercueil;;カン;1
款;goodwill, article, section;;カン;1
歓;delight, joy, joie;よろこ.ぶ;カン;1
監;oversee, official, govt office;;カン;1
緩;slacken, loosen, relax;ゆる.い, ゆる.やか, ゆる.む;カン;1
缶;tin can, container, jar radical (no. 121);かま;カン;1
肝;liver, pluck, nerve;きも;カン;1
艦;warship, navire de guerre, buque de guerra;;カン;1
莞;smiling, reed used to cover tatami, junco usado para cubrir el tatami;い;カン;1
貫;pierce, 8 1/3lbs, penetrate;つらぬ.く, ぬ.く, ぬき;カン;1
還;send back, return, renvoyer;かえ.る;カン;1
鑑;specimen, take warning from, learn from;かんが.みる, かがみ;カン;1
閑;leisure, loisirs, ocio;;カン;1
陥;collapse, fall into, cave in;おちい.る, おとしい.れる;カン;1
巌;rock, crag, boulder;いわ, いわお, けわ.しい;ガン;1
眼;eyeball, globe oculaire, ojo;まなこ, め;ガン, ゲン;1
頑;stubborn, foolish, firmly;かたく;ガン;1
企;undertake, scheme, design;くわだ.てる, たくら.む;キ;1
伎;deed, skill, habilidad;わざ, わざおぎ;ギ, キ;1
奇;strange, strangeness, curiosity;く.しき, あや.しい, くし;キ;1
嬉;glad, pleased, rejoice;うれ.しい, たの.しむ;キ;1
岐;branch off, fork in road, scene;;キ, ギ;1
幾;how many, how much, how far;いく-, いく.つ, いく.ら;キ;1
忌;mourning, abhor, detestable;い.む, い.み, い.まわしい;キ;1
揮;brandish, wave, wag;ふる.う;キ;1
旗;national flag, banner, standard;はた;キ;1
既;previously, already, long ago;すで.に;キ;1
棋;chess piece, Japanese chess, shogi;ご;キ;1
棄;abandon, throw away, discard;す.てる;キ;1
毅;strong, resuelto, determinado;つよ.い;キ, ギ;1
汽;vapor, steam, vapeur;;キ;1
稀;rare, phenomenal, dilute (acid);まれ, まばら;キ, ケ;1
紀;chronicle, account, narrative;;キ;1
貴;precious, value, prize;たっと.い, とうと.い, たっと.ぶ;キ;1
軌;rut, wheel, track;;キ;1
輝;radiance, shine, sparkle;かがや.く;キ;1
飢;hungry, starve, faim;う.える;キ;1
騎;equestrian, riding on horses, counter for equestrians;;キ;1
鬼;ghost, devil, démon;おに, おに-;キ;1
亀;tortoise, turtle, tortue;かめ;キ, キュウ, キン;1
偽;falsehood, lie, deceive;いつわ.る, にせ, いつわ.り;ギ, カ;1
儀;ceremony, rule, affair;;ギ;1
宜;best regards, good, convenable;よろ.しい, よろ.しく;ギ;1
戯;frolic, play, sport;たわむ.れる, ざ.れる, じゃ.れる;ギ, ゲ;1
擬;mimic, aim (a gun) at, nominate;まが.い, もど.き;ギ;1
欺;deceit, cheat, delude;あざむ.く;ギ;1
犠;sacrifice, sacrifice, sacrificio;いけにえ;ギ, キ;1
義;righteousness, justice, morality;;ギ;1
誼;friendship, intimacy, amistad;よしみ, よい;ギ;1
菊;chrysanthemum, chrysanthème, crisantemo;;キク;1
鞠;ball, bola;まり;キク, キュウ;1
吉;good luck, joy, congratulations;よし;キチ, キツ;1
橘;mandarin orange, mandarina, cítricos;たちばな;キツ;1
却;instead, on the contrary, rather;かえ.って, しりぞ.く, しりぞ.ける;キャク;1
脚;skids, leg, undercarriage;あし;キャク, キャ, カク;1
虐;tyrannize, oppress, tyranniser;しいた.げる;ギャク;1
丘;hill, knoll, colline;おか;キュウ;1
及;reach out, exert, exercise;およ.ぶ, およ.び, および;キュウ;1
宮;Shinto shrine, constellations, palace;みや;キュウ, グウ, ク;1
弓;bow, bow (archery, violin), arc;ゆみ;キュウ;1
朽;decay, rot, remain in seclusion;く.ちる;キュウ;1
窮;hard up, destitute, suffer;きわ.める, きわ.まる, きわ.まり;キュウ, キョウ;1
糾;twist, ask, investigate;ただ.す;キュウ;1
拒;repel, refuse, reject;こば.む;キョ, ゴ;1
拠;foothold, based on, follow;よ.る;キョ, コ;1
挙;raise, plan, project;あ.げる, あ.がる, こぞ.る;キョ;1
虚;void, emptiness, unpreparedness;むな.しい, うつ.ろ;キョ, コ;1
距;long-distance, spur, fetlock;へだ.たる, けづめ;キョ;1
亨;pass through, go smoothly, pasar;とお.る;コウ, キョウ, ホウ;1
享;enjoy, receive, undergo;う.ける;キョウ, コウ;1
凶;villain, evil, bad luck;;キョウ;1
匡;correct, save, assist;すく.う;キョウ, オウ;1
喬;high, boasting, alto;たか.い;キョウ;1
峡;gorge, ravine, gorge;はざま;キョウ, コウ;1
恭;respect, reverent, respectueux;うやうや.しい;キョウ;1
狂;lunatic, insane, crazy;くる.う, くる.おしい, くるお.しい;キョウ;1
矯;rectify, straighten, correct;た.める;キョウ;1
脅;threaten, coerce, menacer;おびや.かす, おど.す, おど.かす;キョウ;1
興;entertain, revive, retrieve;おこ.る, おこ.す;コウ, キョウ;1
郷;home town, village, native place;さと;キョウ, ゴウ;1
鏡;mirror, speculum, barrel-head;かがみ;キョウ, ケイ;1
響;echo, sound, resound;ひび.く;キョウ;1
驚;wonder, be surprised, frightened;おどろ.く, おどろ.かす;キョウ;1
仰;face-up, look up, depend;あお.ぐ, おお.せ, お.っしゃる;ギョウ, コウ;1
凝;congeal, freeze, stiff;こ.る, こ.らす, こご.らす;ギョウ;1
尭;high, far, Yao (rey de la Antigua China);たか.い;ギョウ;1
暁;daybreak, dawn, in the event;あかつき, さと.る;ギョウ, キョウ;1
桐;paulownia, paulownia, paulonia (planta);きり;トウ, ドウ;1
錦;brocade, fine dress, honors;にしき;キン;1
斤;axe, 1.32 lb, catty;;キン;1
欣;take pleasure in, rejoice, alegrarse;よろこ.ぶ, よろこ.び;キン, ゴン, コン;1
欽;respect, revere, long for;つつし.む;キン, コン;1
琴;harp, koto, koto;こと;キン;1
筋;muscle, sinew, tendon;すじ;キン;1
緊;tense, solid, hard;し.める, し.まる;キン;1
芹;parsley, perejil;せり;キン;1
菌;germ, fungus, bacteria;;キン;1
衿;neck, collar, lapel;えり;キン, コン;1
襟;collar, neck, lapel;えり;キン;1
謹;discreet, reverently, humbly;つつし.む;キン;1
吟;versify, singing, recital;;ギン;1
句;phrase, clause, sentence;;ク;1
玖;beautiful black jewel, nine, joya negra;;キュウ, ク;1
矩;ruler, carpenter's square, regla;かね, かねざし, さしがね;ク;1
駆;drive, run, gallop;か.ける, か.る;ク;1
駒;pony, horse, colt;こま;ク;1
愚;foolish, folly, absurdity;おろ.か;グ;1
虞;fear, uneasiness, anxiety;おそれ, おもんぱか.る, はか.る;グ;1
遇;meet, encounter, interview;あ.う;グウ;1
屈;yield, bend, flinch;かが.む, かが.める;クツ;1
熊;bear, ours, oso;くま;ユウ;1
栗;chestnut, châtaigne, castaña;くり, おののく;リツ, リ;1
繰;winding, reel, spin;く.る;ソウ;1
桑;mulberry, mûrier, mora;くわ;ソウ;1
勲;meritorious deed, merit, mérite;いさお;クン;1
薫;send forth fragrance, fragrant, be scented;かお.る;クン;1
郡;county, district, comté;こおり;グン;1
袈;a coarse camlet, tejido vulgar, tela de mala calidad;;ケ, カ;1
刑;punish, penalty, sentence;;ケイ;1
啓;disclose, open, say;ひら.く, さと.す;ケイ;1
圭;square jewel, corner, angle;;ケイ, ケ;1
契;pledge, promise, vow;ちぎ.る;ケイ;1
径;diameter, path, method;みち, こみち, さしわたし;ケイ;1
慶;jubilation, congratulate, rejoice;よろこ.び;ケイ;1
慧;wise, inteligencia, astucia;さとい;ケイ, エ;1
憩;recess, rest, relax;いこ.い, いこ.う;ケイ;1
掲;put up (a notice), put up, hoist;かか.げる;ケイ;1
携;portable, carry (in hand), armed with;たずさ.える, たずさ.わる;ケイ;1
桂;Japanese Judas-tree, cinnamon tree, gainier japonais;かつら;ケイ;1
渓;mountain stream, valley, torrent;たに, たにがわ;ケイ;1
系;lineage, system, lignée;;ケイ;1
継;inherit, succeed, continue;つ.ぐ, まま-;ケイ;1
茎;stalk, stem, tige;くき;ケイ, キョウ;1
蛍;lightning-bug, firefly, ver luisant;ほたる;ケイ;1
鶏;chicken, poule, pollo;にわとり, とり;ケイ;1
鯨;whale, baleine, ballena;くじら;ゲイ;1
撃;beat, attack, defeat;う.つ;ゲキ;1
激;violent, get excited, enraged;はげ.しい;ゲキ;1
傑;greatness, excellence, grandeur;すぐ.れる;ケツ;1
潔;undefiled, pure, clean;いさぎよ.い;ケツ;1
穴;hole, aperture, slit;あな;ケツ;1
倹;frugal, economy, thrifty;つま.しい, つづまやか;ケン;1
兼;concurrently, and, beforehand;か.ねる, -か.ねる;ケン;1
剣;sabre, sword, blade;つるぎ;ケン;1
圏;sphere, circle, radius;かこ.い;ケン;1
堅;strict, hard, solid;かた.い, -がた.い;ケン;1
嫌;dislike, detest, hate;きら.う, きら.い, いや;ケン, ゲン;1
憲;constitution, law, constitution;;ケン;1
懸;state of suspension, hang, depend;か.ける, か.かる;ケン, ケ;1
拳;fist, puño (cerrado);こぶし;ケン, ゲン;1
献;offering, counter for drinks, present;たてまつ.る;ケン, コン;1
絹;silk, soie, seda;きぬ;ケン;1
謙;self-effacing, humble oneself, condescend;へりくだ.る;ケン;1
遣;dispatch, despatch, send;つか.う, -つか.い, -づか.い;ケン;1
顕;appear, existing, apparaître;あきらか, あらわ.れる;ケン;1
厳;stern, strictness, severity;おごそ.か, きび.しい, いか.めしい;ゲン, ゴン;1
幻;phantasm, vision, dream;まぼろし;ゲン;1
弦;bowstring, chord, hypotenuse;つる;ゲン;1
源;source, origin, source;みなもと;ゲン;1
玄;mysterious, occultness, mystérieux;;ゲン;1
絃;string, cord, samisen music;いと;ゲン;1
孤;orphan, alone, orphelin;;コ;1
己;self, soi, serpent;おのれ, つちのと, な;コ, キ;1
弧;arc, arch, bow;;コ;1
胡;barbarian, foreign, bárbaro;なんぞ;ウ, コ, ゴ;1
虎;tiger, drunkard, tigre;とら;コ;1
誇;boast, be proud, pride;ほこ.る;コ;1
顧;look back, review, examine oneself;かえり.みる;コ;1
鼓;drum, beat, rouse;つづみ;コ;1
伍;five, five-man squad, file;いつつ;ゴ;1
呉;give, do something for, kingdom of Wu;く.れる, くれ;ゴ;1
吾;I, my, our;われ, わが-, あ-;ゴ;1
娯;recreation, pleasure, divertissement;;ゴ;1
悟;enlightenment, perceive, discern;さと.る;ゴ;1
梧;Chinese parasol tree, phoenix tree, árbol parasol chino;あおぎり;ゴ;1
瑚;ancestral offering receptacle, coral, ancestral receptáculo para ofrendas;;コ, ゴ;1
碁;Go, Go, juego del Go;;ゴ;1
護;safeguard, protect, protection;まも.る;ゴ;1
鯉;carp, carpe, carpa;こい;リ;1
侯;marquis, lord, daimyo;;コウ;1
倖;happiness, luck, felicidad;しあわ.せ, さいわ.い;コウ;1
功;achievement, merits, success;いさお;コウ, ク;1
后;empress, queen, after;きさき;コウ, ゴ;1
坑;pit, hole, mine;;コウ;1
孔;cavity, hole, slit;あな;コウ;1
孝;filial piety, child's respect, piété filiale;;コウ, キョウ;1
宏;wide, large, amplio;ひろ.い;コウ;1
巧;adroit, skilled, ingenuity;たく.み, たく.む, うま.い;コウ;1
弘;vast, broad, wide;ひろ.い;コウ, グ;1
恒;constancy, always, constance;つね, つねに;コウ;1
慌;disconcerted, be confused, lose one's head;あわ.てる, あわ.ただしい;コウ;1
抗;confront, resist, defy;あらが.う;コウ;1
拘;arrest, seize, concerned;かか.わる;コウ;1
控;withdraw, draw in, hold back;ひか.える, ひか.え;コウ;1
攻;aggression, attack, criticize;せ.める;コウ;1
昂;rise, subir, elevar;あ.がる, たか.い, たか.ぶる;コウ, ゴウ;1
晃;clear, deslumbrante, claro;あきらか;コウ;1
江;creek, inlet, bay;え;コウ;1
洪;deluge, flood, vast;;コウ;1
浩;wide expanse, abundance, vigorous;おおき.い, ひろ.い;コウ;1
溝;gutter, ditch, sewer;みぞ;コウ;1
甲;armor, high (voice), A grade;きのえ;コウ, カン;1
皇;emperor, empereur, emperador;;コウ, オウ;1
稿;draft, copy, manuscript;わら, したがき;コウ;1
紘;large, de gran alcance, espacioso;おおづな, つな, つなぐ;コウ;1
絞;strangle, constrict, wring;しぼ.る, し.める, し.まる;コウ;1
綱;hawser, class (genus), rope;つな;コウ;1
衡;equilibrium, measuring rod, scale;;コウ;1
貢;tribute, support, finance;みつ.ぐ;コウ, ク;1
購;subscription, buy, acquisition;;コウ;1
酵;fermentation, fermentation, fermento;;コウ;1
鋼;steel, acier, acero;はがね;コウ;1
項;paragraph, nape of neck, clause;うなじ;コウ;1
鴻;large bird, wild goose, large;おおとり, ひしくい, おおがり;コウ, ゴウ;1
剛;sturdy, strength, fermeté;;ゴウ;1
拷;torture, beat, torture;;ゴウ;1
豪;overpowering, great, powerful;えら.い;ゴウ;1
克;overcome, kindly, skillfully;か.つ;コク;1
穀;cereals, grain, céréale;;コク;1
酷;cruel, severe, atrocious;ひど.い;コク;1
獄;prison, jail, prison;;ゴク;1
墾;ground-breaking, open up farmland, défrichage;;コン;1
恨;regret, bear a grudge, resentment;うら.む, うら.めしい;コン;1
懇;sociable, kind, courteous;ねんご.ろ;コン;1
昆;descendants, elder brother, insect;;コン;1
紺;dark blue, navy, bleu marine;;コン;1
魂;soul, spirit, âme;たましい, たま;コン;1
佐;assistant, help, assistant;;サ;1
唆;tempt, seduce, instigate;そそ.る, そそのか.す;サ;1
嵯;steep, craggy, rugged;;サ, シ;1
沙;sand, arena, gravilla;すな, よなげる;サ, シャ;1
瑳;polish, brilliant white luster of a gem, artful smile;みが.く;サ;1
詐;lie, falsehood, deceive;いつわ.る;サ;1
鎖;chain, irons, connection;くさり, とざ.す;サ;1
裟;Buddhist surplice, sobrepelliz de monjes budistas;;サ, シャ;1
債;bond, loan, debt;;サイ;1
催;sponsor, hold (a meeting), give (a dinner);もよう.す, もよお.す;サイ;1
哉;how, what, alas;かな, や;サイ;1
宰;superintend, manager, rule;;サイ;1
彩;coloring, paint, makeup;いろど.る;サイ;1
栽;plantation, planting, plantation;;サイ;1
災;disaster, calamity, woe;わざわ.い;サイ;1
采;dice, form, appearance;と.る, いろどり;サイ;1
砕;smash, break, crush;くだ.く, くだ.ける;サイ;1
斎;purification, Buddhist food, room;とき, つつし.む, ものいみ;サイ;1
裁;tailor, judge, decision;た.つ, さば.く;サイ;1
載;ride, board, get on;の.せる, の.る;サイ;1
剤;dose, medicine, drug;かる, けず.る;ザイ, スイ, セイ;1
冴;be clear, serene, cold;さ.える, こお.る, ひ.える;ゴ, コ;1
崎;promontory, cape, spit;さき, さい, みさき;キ;1
削;plane, sharpen, whittle;けず.る, はつ.る, そ.ぐ;サク;1
搾;squeeze, presser, apretón;しぼ.る;サク;1
朔;conjunction (astronomy), first day of month, north;ついたち;サク;1
策;scheme, plan, policy;;サク;1
索;cord, rope, searching;;サク;1
錯;confused, mix, be in disorder;;サク, シャク;1
桜;cherry, cerisier du Japon, cerezo;さくら;オウ, ヨウ;1
笹;bamboo grass, (kokuji), pousse de bambou;ささ;;1
撮;snapshot, take pictures, photographier;と.る, つま.む, -ど.り;サツ;1
擦;grate, rub, scratch;す.る, す.れる, -ず.れ;サツ;1
皐;swamp, shore, pantano;さつき;コウ;1
傘;umbrella, parapluie, paraguas;かさ;サン;1
惨;wretched, disaster, cruelty;みじ.め, いた.む, むご.い;サン, ザン;1
桟;scaffold, cleat, frame;かけはし;サン, セン;1
燦;brilliant, brillante;さん.たる, あき.らか, きらめ.く;サン;1
蚕;silkworm, ver à soie, gusano de seda;かいこ, こ;サン, テン;1
酸;acid, bitterness, sour;す.い;サン;1
暫;temporarily, a while, moment;しばら.く;ザン;1
嗣;heir, succeed, héritier;;シ;1
士;gentleman, samurai, samurai radical (no. 33);さむらい;シ;1
姿;figure, form, shape;すがた;シ;1
施;give, bestow, perform;ほどこ.す;シ, セ;1
旨;delicious, relish, show a liking for;むね, うま.い;シ;1
氏;family name, surname, clan;うじ, -うじ;シ;1
祉;welfare, happiness, bien-être;;シ;1
紫;purple, violet, violet;むらさき;シ;1
肢;limb, arms & legs, membre;;シ;1
至;climax, arrive, proceed;いた.る;シ;1
視;inspection, regard as, see;み.る;シ;1
詩;poem, poetry, poème;うた;シ;1
諮;consult with, consulter, consulta;はか.る;シ;1
賜;grant, gift, boon;たまわ.る, たま.う, たも.う;シ;1
雌;feminine, female, femelle;め-, めす, めん;シ;1
飼;domesticate, raise, keep;か.う;シ;1
侍;waiter, samurai, wait upon;さむらい, はべ.る;ジ, シ;1
慈;mercy, miséricorde, pitié;いつく.しむ;ジ;1
滋;nourishing, more & more, be luxuriant;;ジ;1
爾;you, thou, second person;なんじ, しかり, その;ジ, ニ;1
璽;emperor's seal, sceau impérial, sello imperial;;ジ;1
磁;magnet, porcelain, aimant;;ジ;1
蒔;sow (seeds), sembrar, esparcir (semillas);う.える, まく;シ, ジ;1
汐;eventide, tide, salt water;しお, うしお, せい;セキ;1
鹿;deer, cerf, venado;しか, か;ロク;1
軸;axis, pivot, stem;;ジク;1
執;tenacious, take hold, grasp;と.る;シツ, シュウ;1
漆;lacquer, varnish, seven;うるし;シツ;1
疾;rapidly, rapide, maladie;はや.い;シツ;1
偲;recollect, remember, évoquer le souvenir;しの.ぶ;サイ, シ;1
芝;turf, lawn, pelouse;しば;シ;1
舎;cottage, inn, hut;やど.る;シャ, セキ;1
射;shoot, shine into, onto;い.る, さ.す, う.つ;シャ;1
赦;pardon, forgiveness, pardon;;シャ;1
斜;diagonal, slanting, oblique;なな.め, はす;シャ;1
煮;boil, cook, mijoter;に.る, -に, に.える;シャ;1
紗;gauze, gossamer, gasa;うすぎぬ;サ, シャ;1
謝;apologize, thank, refuse;あやま.る;シャ;1
遮;intercept, interrupt, obstruct;さえぎ.る;シャ;1
蛇;snake, serpent, hard drinker;へび;ジャ, ダ, イ;1
邪;wicked, injustice, wrong;よこし.ま;ジャ;1
勺;ladle, one tenth of a go, dip;;シャク;1
尺;shaku, Japanese foot, measure;;シャク;1
爵;baron, peerage, court rank;;シャク;1
酌;bar-tending, serving sake, the host;く.む;シャク;1
釈;explanation, explication, justification;とく, す.てる, ゆる.す;シャク, セキ;1
寂;loneliness, quietly, mellow;さび, さび.しい, さび.れる;ジャク, セキ;1
朱;vermilion, cinnabar, scarlet;あけ;シュ;1
殊;particularly, especially, exceptionally;こと;シュ;1
狩;hunt, raid, gather;か.る, か.り, -が.り;シュ;1
珠;pearl, gem, jewel;たま;シュ;1
趣;purport, gist, elegance;おもむき, おもむ.く;シュ;1
儒;Confucian, confucéen, confucionismo;;ジュ;1
寿;longevity, congratulations, one's natural life;ことぶき, ことぶ.く, ことほ.ぐ;ジュ, ス, シュウ;1
樹;timber, trees, wood;き;ジュ;1
需;demand, request, need;;ジュ;1
囚;captured, criminal, arrest;とら.われる;シュウ;1
宗;religion, sect, denomination;むね;シュウ, ソウ;1
就;concerning, settle, take position;つ.く, つ.ける;シュウ, ジュ;1
愁;distress, grieve, lament;うれ.える, うれ.い;シュウ;1
洲;continent, sandbar, island;しま;シュウ, ス;1
秀;excel, excellence, beauty;ひい.でる;シュウ;1
臭;stinking, ill-smelling, suspicious looking;くさ.い, -くさ.い, にお.う;シュウ;1
衆;masses, great numbers, multitude;おお.い;シュウ, シュ;1
襲;attack, advance on, succeed to;おそ.う, かさ.ね;シュウ;1
酬;repay, reward, retribution;むく.いる;シュウ, シュ, トウ;1
醜;ugly, unclean, shame;みにく.い, しこ;シュウ;1
充;allot, fill, attribuer;あ.てる, み.たす;ジュウ;1
従;accompany, obey, submit to;したが.う, したが.える, より;ジュウ, ショウ, ジュ;1
汁;soup, juice, broth;しる, -しる, つゆ;ジュウ;1
渋;astringent, hesitate, reluctant;しぶ, しぶ.い, しぶ.る;ジュウ, シュウ;1
獣;animal, beast, bête;けもの, けだもの;ジュウ;1
縦;vertical, length, height;たて;ジュウ;1
銃;gun, arms, fusil;つつ;ジュウ;1
叔;uncle, youth, oncle;;シュク;1
淑;graceful, gentle, pure;しと.やか;シュク;1
縮;shrink, contract, shrivel;ちぢ.む, ちぢ.まる, ちぢ.める;シュク;1
粛;solemn, quietly, softly;つつし.む;シュク, スク;1
塾;cram school, private school, cours du soir;;ジュク;1
熟;mellow, ripen, mature;う.れる;ジュク;1
俊;sagacious, genius, excellence;;シュン;1
峻;high, steep, alto;けわ.しい, たか.い;シュン;1
瞬;wink, blink, twinkle;またた.く, まじろ.ぐ;シュン;1
竣;end, finish, fin;わらわ, わらべ, おわ.る;ドウ, シュン;1
舜;type of morning glory, rose of Sharon, althea;;シュン;1
駿;a good horse, speed, a fast person;すぐ.れる;シュン, スン;1
准;quasi-, semi-, associate;;ジュン;1
循;sequential, follow, cycle;;ジュン;1
旬;decameron, ten-day period, season (for specific products);;ジュン, シュン;1
殉;martyrdom, follow by resigning, martyre;;ジュン;1
淳;pure, grueso, espeso;あつ.い;ジュン, シュン;1
潤;wet, be watered, profit by;うるお.う, うるお.す, うる.む;ジュン;1
盾;shield, escutcheon, pretext;たて;ジュン;1
巡;patrol, go around, circumference;めぐ.る, めぐ.り;ジュン;1
遵;abide by, follow, obey;;ジュン;1
醇;pure sake', purity, affection;もっぱら, こい, あつい;ジュン, シュン;1
曙;dawn, daybreak, alba;あけぼの;ショ;1
渚;strand, beach, shore;なぎさ;ショ;1
庶;commoner, all, bastard;;ショ;1
叙;confer, relate, narrate;つい.ず, ついで;ジョ;1
序;preface, beginning, order;つい.で, ついで;ジョ;1
徐;gradually, slowly, deliberately;おもむ.ろに;ジョ;1
恕;excuse, tolerate, forgive;ゆる.す;ジョ, ショ;1
傷;wound, hurt, injure;きず, いた.む, いた.める;ショウ;1
償;reparation, make up for, recompense;つぐな.う;ショウ;1
匠;artisan, workman, carpenter;たくみ;ショウ;1
升;measuring box, 1.8 liter, boîte mesure (1,8 litre);ます;ショウ;1
唱;chant, recite, call upon;とな.える;ショウ;1
奨;exhort, urge, encourage;すす.める;ショウ, ソウ;1
宵;wee hours, evening, early night;よい;ショウ;1
尚;esteem, furthermore, still;なお;ショウ;1
庄;level, in the country, manor;;ショウ, ソ, ソウ;1
彰;patent, clear, patent;;ショウ;1
抄;extract, selection, summary;;ショウ;1
掌;manipulate, rule, administer;てのひら, たなごころ;ショウ;1
捷;victory, fast, victoria;はや.い;ショウ, ソウ;1
昌;prosperous, bright, clear;さかん;ショウ;1
昭;shining, bright, briller;;ショウ;1
晶;sparkle, clear, crystal;;ショウ;1
松;pine tree, pin, pino;まつ;ショウ;1
梢;treetops, twig, cime des arbres;こずえ, くすのき;ショウ;1
沼;marsh, lake, bog;ぬま;ショウ;1
渉;ford, go cross, transit;わた.る;ショウ;1
焦;char, hurry, impatient;こ.げる, こ.がす, こ.がれる;ショウ;1
症;symptoms, illness, symptôme;;ショウ;1
硝;nitrate, saltpeter, nitrate;;ショウ;1
礁;reef, sunken rock, récif;;ショウ;1
祥;auspicious, happiness, blessedness;さいわ.い, きざ.し, よ.い;ショウ;1
称;appellation, praise, admire;たた.える, とな.える, あ.げる;ショウ;1
粧;cosmetics, adorn (one's person), cosmétique;;ショウ;1
肖;resemblance, ressemblance, portrait;あやか.る;ショウ;1
菖;iris, iris;;ショウ;1
蕉;banana, plantain, plátano;;ショウ;1
衝;collide, brunt, highway;つ.く;ショウ;1
訟;sue, accuse, accusation;;ショウ;1
証;evidence, proof, certificate;あかし;ショウ;1
詔;imperial edict, décret impérial, edicto imperial;みことのり;ショウ;1
詳;detailed, full, minute;くわ.しい, つまび.らか;ショウ;1
鐘;bell, gong, chimes;かね;ショウ;1
障;hinder, hurt, harm;さわ.る;ショウ;1
丈;length, ten shaku, measure;たけ, だけ;ジョウ;1
丞;help, secours, ayudar;すく.う, たす.ける;ジョウ, ショウ;1
冗;superfluous, uselessness, superflu;;ジョウ;1
剰;surplus, besides, par dessus le marché;あまつさえ, あま.り, あま.る;ジョウ;1
壌;lot, earth, soil;つち;ジョウ;1
嬢;lass, girl, Miss;むすめ;ジョウ;1
浄;clean, purify, cleanse;きよ.める, きよ.い;ジョウ, セイ;1
穣;good crops, prosperity, 10**28;わら, ゆたか;ジョウ;1
譲;defer, turnover, transfer;ゆず.る;ジョウ;1
醸;brew, cause, brasser;かも.す;ジョウ;1
錠;lock, fetters, shackles;;ジョウ;1
嘱;entrust, request, send a message;しょく.する, たの.む;ショク;1
飾;decorate, ornament, adorn;かざ.る, かざ.り;ショク;1
殖;augment, increase, multiply;ふ.える, ふ.やす;ショク;1
織;weave, fabric, tisser;お.る, お.り, おり;ショク, シキ;1
辱;embarrass, humiliate, shame;はずかし.める;ジョク;1
侵;encroach, invade, raid;おか.す;シン;1
唇;lips, lèvres, labios;くちびる;シン;1
娠;with child, pregnancy, femme enceinte;;シン;1
審;hearing, judge, trial;つまび.らか, つぶさ.に;シン;1
慎;humility, be careful, discreet;つつし.む, つつし, つつし.み;シン;1
振;shake, wave, wag;ふ.る, ぶ.る, ふ.り;シン;1
晋;advance, avanzar, antigua región de China;すす.む;シン;1
榛;hazelnut, filbert, avellana;はしばみ, はり;シン, ハン;1
浸;immersed, soak, dip;ひた.す, ひた.る;シン;1
秦;Manchu dynasty, name given to naturalized foreigners, dinastía Manchú;はた;シン;1
紳;sire, good belt, gentleman;;シン;1
薪;fuel, firewood, kindling;たきぎ, まき;シン;1
診;checkup, seeing, diagnose;み.る;シン;1
仁;humanity, virtue, benevolence;;ジン, ニ, ニン;1
刃;blade, sword, edge;は, やいば, き.る;ジン, ニン;1
尋;inquire, fathom, look for;たず.ねる, ひろ;ジン;1
甚;tremendously, very, great;はなは.だ, はなは.だしい;ジン;1
尽;exhaust, use up, run out of;つ.くす, -つ.くす, -づ.くし;ジン, サン;1
迅;swift, fast, vif;;ジン;1
陣;camp, battle array, ranks;;ジン;1
須;ought, by all means, necessarily;すべから.く, すべし, ひげ;ス, シュ;1
酢;vinegar, sour, acid;す;サク;1
垂;droop, suspend, hang;た.れる, た.らす, た.れ;スイ;1
帥;commander, leading troops, governor;;スイ;1
推;conjecture, infer, guess;お.す;スイ;1
炊;cook, boil, cuisiner;た.く, -だ.き;スイ;1
睡;drowsy, sleep, die;ねむ.る, ねむ.い;スイ;1
粋;chic, style, purity;いき;スイ;1
翠;green, kingfisher, martín pescador;かわせみ, みどり;スイ;1
衰;decline, wane, weaken;おとろ.える;スイ;1
遂;consummate, accomplish, attain;と.げる, つい.に;スイ;1
酔;drunk, feel sick, poisoned;よ.う, よ.い, よ;スイ;1
錘;weight, plumb bob, sinker;つむ, おもり;スイ;1
随;follow, though, notwithstanding;まにま.に, したが.う;ズイ;1
瑞;congratulations, felicitaciones, felicidades;みず-, しるし;ズイ, スイ;1
髄;marrow, pith, essence;;ズイ;1
崇;adore, respect, revere;あが.める;スウ;1
嵩;be aggravated, grow worse, grow bulky;かさ, かさ.む, たか.い;スウ, シュウ;1
枢;hinge, pivot, door;とぼそ, からくり;スウ, シュ;1
雛;chick, squab, duckling;ひな, ひよこ;スウ, ス, ジュ;1
据;set, lay a foundation, install;す.える, す.わる;キョ;1
杉;cedar, cryptomeria, cèdre;すぎ;サン;1
澄;lucidity, be clear, clear;す.む, す.ます, -す.ます;チョウ;1
寸;measurement, tenth of a shaku, a little;;スン;1
瀬;rapids, current, torrent;せ;ライ;1
畝;furrow, thirty tsubo, ridge;せ, うね;ボウ, ホ, モ;1
是;just so, this, right;これ, この, ここ;ゼ, シ;1
征;subjugate, attack the rebellious, collect taxes;;セイ;1
牲;animal sacrifice, offering, sacrifice animal;;セイ;1
盛;boom, prosper, copulate;も.る, さか.る, さか.ん;セイ, ジョウ;1
聖;holy, saint, sage;ひじり;セイ, ショウ;1
誠;sincerity, admonish, warn;まこと;セイ;1
誓;vow, swear, pledge;ちか.う;セイ;1
請;solicit, invite, ask;こ.う, う.ける;セイ, シン, ショウ;1
逝;departed, die, défunt;ゆ.く, い.く;セイ;1
斉;adjusted, alike, equal;そろ.う, ひと.しい, ひと.しく;セイ, サイ;1
隻;vessels, counter for ships, fish;;セキ;1
惜;pity, be sparing of, frugal;お.しい, お.しむ;セキ;1
斥;reject, retreat, recede;しりぞ.ける;セキ;1
析;chop, divide, tear;;セキ;1
籍;enroll, domiciliary register, membership;;セキ;1
跡;tracks, mark, print;あと;セキ;1
碩;large, great, eminent;おお.きい;セキ;1
拙;bungling, clumsy, unskillful;つたな.い;セツ;1
摂;vicarious, surrogate, act in addition to;おさ.める, かね.る, と.る;セツ, ショウ;1
窃;stealth, steal, secret;ぬす.む, ひそ.か;セツ;1
舌;tongue, reed, clapper;した;ゼツ;1
仙;hermit, wizard, cent;;セン, セント;1
宣;proclaim, say, announce;のたま.う;セン;1
扇;fan, folding fan, ventilateur;おうぎ;セン;1
栓;plug, bolt, cork;;セン;1
染;dye, color, paint;そ.める, -ぞ.め, -ぞめ;セン;1
潜;submerge, conceal, hide;ひそ.む, もぐ.る, かく.れる;セン;1
旋;rotation, go around, rotation;;セン;1
繊;slender, fine, thin kimono;;セン;1
薦;recommend, mat, advise;すす.める;セン;1
践;tread, step on, trample;ふ.む;セン;1
遷;transition, move, change;うつ.る, うつ.す, みやこがえ;セン;1
銭;coin, .01 yen, money;ぜに, すき;セン, ゼン;1
銑;pig iron, gueuse, fonte;;セン;1
鮮;fresh, vivid, clear;あざ.やか;セン;1
漸;steadily, gradually advancing, finally;ようや.く, やや, ようよ.う;ゼン;1
禅;Zen, silent meditation, Zen;しずか, ゆず.る;ゼン, セン;1
繕;darning, repair, mend;つくろ.う;ゼン;1
塑;model, molding, plastique;でく;ソ;1
措;set aside, give up, suspend;お.く;ソ;1
疎;alienate, rough, neglect;うと.い, うと.む, まば.ら;ソ, ショ;1
礎;cornerstone, foundation stone, première pierre;いしずえ;ソ;1
租;tariff, crop tax, borrowing;;ソ;1
粗;coarse, rough, rugged;あら.い, あら-;ソ;1
素;elementary, principle, naked;もと;ソ, ス;1
訴;accusation, sue, complain of pain;うった.える;ソ;1
阻;thwart, separate from, prevent;はば.む;ソ;1
僧;Buddhist priest, monk, prêtre bouddhiste;;ソウ;1
創;genesis, wound, injury;つく.る, はじ.める, きず;ソウ, ショウ;1
倉;godown, warehouse, storehouse;くら;ソウ;1
喪;miss, mourning, perte;も;ソウ;1
壮;robust, manhood, prosperity;さかん;ソウ;1
奏;play music, speak to a ruler, complete;かな.でる;ソウ;1
爽;refreshing, bracing, resonant;あき.らか, さわ.やか, たがう;ソウ;1
惣;all, todo;いそが.しい, そうじて;ソウ;1
挿;insert, put in, graft;さ.す, はさ.む;ソウ;1
曹;office, official, comrade;;ソウ, ゾウ;1
巣;nest, rookery, hive;す, す.くう;ソウ;1
槽;vat, tub, tank;ふね;ソウ;1
綜;rule, synthesize, regla;おさ.める, す.べる;ソウ;1
聡;wise, fast learner, inteligente;さと.い, みみざと.い;ソウ;1
荘;villa, inn, cottage;ほうき, おごそ.か;ソウ, ショウ, チャン;1
葬;interment, bury, shelve;ほうむ.る;ソウ;1
蒼;blue, pale, azúl;あお.い;ソウ;1
藻;seaweed, duckweed, algue;も;ソウ;1
遭;encounter, meet, party;あ.う, あ.わせる;ソウ;1
霜;frost, gel, givre;しも;ソウ;1
騒;boisterous, make noise, clamor;さわ.ぐ, うれい, さわ.がしい;ソウ;1
促;stimulate, urge, press;うなが.す;ソク;1
即;instant, namely, as is;つ.く, つ.ける, すなわ.ち;ソク;1
俗;vulgar, customs, manners;;ゾク;1
属;belong, genus, subordinate official;さかん, つく, やから;ゾク, ショク;1
賊;burglar, rebel, traitor;;ゾク;1
汰;luxury, select, clasificar;おご.る, にご.る, よな.げる;タ, タイ;1
堕;degenerate, descend to, lapse into;お.ちる, くず.す, くず.れる;ダ;1
妥;gentle, peace, depravity;;ダ;1
惰;lazy, laziness, paresse;;ダ;1
駄;burdensome, pack horse, horse load;;ダ, タ;1
耐;-proof, enduring, à l'épreuve de;た.える;タイ;1
怠;neglect, laziness, négligence;おこた.る, なま.ける;タイ;1
態;attitude, condition, figure;わざ.と;タイ;1
泰;peaceful, calm, peace;;タイ;1
滞;stagnate, be delayed, overdue;とどこお.る;タイ, テイ;1
胎;womb, uterus, utérus;;タイ;1
逮;apprehend, chase, appréhender;;タイ;1
隊;regiment, party, company;;タイ;1
黛;blackened eyebrows, cejas pobladas;まゆずみ;タイ;1
鯛;sea bream, red snapper, pargo;たい;チョウ;1
鷹;hawk, halcón;たか;ヨウ, オウ;1
滝;waterfall, rapids, cascade;たき;ロウ, ソウ;1
卓;eminent, table, desk;;タク;1
啄;peck, pick up, picar;ついば.む, つつ.く;タク, ツク, トク;1
択;choose, select, elect;えら.ぶ;タク;1
拓;clear (the land), open, break up (land);ひら.く;タク;1
沢;swamp, marsh, brilliance;さわ, うるお.い, うるお.す;タク;1
琢;polish, brillo, esmalte;みが.く;タク;1
託;consign, requesting, entrusting with;かこつ.ける, かこ.つ, かこ.つける;タク;1
濁;voiced, uncleanness, wrong;にご.る, にご.す;ダク, ジョク;1
諾;consent, assent, agreement;;ダク;1
只;only, free, in addition;ただ;シ;1
但;however, but, pourtant;ただ.し;タン;1
辰;sign of the dragon, 7-9AM, fifth sign of Chinese zodiac;たつ;シン, ジン;1
奪;rob, take by force, snatch away;うば.う;ダツ;1
脱;undress, removing, escape from;ぬ.ぐ, ぬ.げる;ダツ;1
巽;southeast, sudeste;たつみ;ソン;1
棚;shelf, ledge, rack;たな, -だな;ホウ;1
丹;rust-colored, red, red lead;に;タン;1
嘆;sigh, lament, moan;なげ.く, なげ.かわしい;タン;1
旦;daybreak, dawn, morning;あき.らか, あきら, ただし;タン, ダン;1
淡;thin, faint, pale;あわ.い;タン;1
端;edge, origin, end;はし, は, はた;タン;1
胆;gall bladder, courage, pluck;きも;タン;1
誕;nativity, be born, declension;;タン;1
鍛;forge, discipline, train;きた.える;タン;1
壇;podium, stage, rostrum;;ダン, タン;1
弾;bullet, twang, flip;ひ.く, -ひ.き, はず.む;ダン, タン;1
檀;cedar, sandlewood, spindle tree;まゆみ;ダン, タン;1
智;wisdom, intellect, reason;;チ;1
痴;stupid, foolish, idiot;し.れる, おろか;チ;1
稚;immature, young, immature;いとけない, おさない, おくて;チ, ジ;1
致;doth, do, send;いた.す;チ;1
蓄;amass, raise, hoard;たくわ.える;チク;1
逐;pursue, drive away, chase;;チク;1
秩;regularity, salary, order;;チツ;1
窒;plug up, obstruct, obstruer;;チツ;1
嫡;legitimate wife, direct descent (non-bastard), légitime (enfant, femme);;チャク, テキ;1
忠;loyalty, fidelity, faithfulness;;チュウ;1
抽;pluck, pull, extract;ひき-;チュウ;1
衷;inmost, heart, mind;;チュウ;1
鋳;casting, mint, couler (métal);い.る;チュウ, イ, シュ;1
猪;boar, sanglier, jabalí;い, いのしし;チョ;1
丁;street, ward, town;ひのと;チョウ, テイ, チン;1
帳;notebook, account book, album;とばり;チョウ;1
弔;condolences, mourning, funeral;とむら.う, とぶら.う;チョウ;1
彫;carve, engrave, chisel;ほ.る, -ぼ.り;チョウ;1
徴;indications, sign, omen;しるし;チョウ, チ;1
懲;penal, chastise, punish;こ.りる, こ.らす, こ.らしめる;チョウ;1
挑;challenge, contend for, make love to;いど.む;チョウ;1
暢;stretch, estirar, alargar;のび.る;チョウ;1
潮;tide, salt water, opportunity;しお, うしお;チョウ;1
眺;stare, watch, look at;なが.める;チョウ;1
聴;listen, headstrong, naughty;き.く, ゆる.す;チョウ, テイ;1
脹;dilate, distend, bulge;は.れる, ふく.らむ, ふく.れる;チョウ;1
腸;intestines, guts, bowels;はらわた, わた;チョウ;1
蝶;butterfly, papillon, mariposa;;チョウ;1
跳;hop, leap up, spring;は.ねる, と.ぶ, -と.び;チョウ;1
勅;imperial order, rescrit impérial, orden imperial;いまし.める, みことのり;チョク;1
朕;majestic plural, imperial we, Nous impérial;;チン;1
鎮;tranquilize, ancient peace-preservation centers, tranquilliser;しず.める, しず.まる, おさえ;チン;1
陳;exhibit, state, relate;ひ.ねる;チン;1
津;haven, port, harbor;つ;シン;1
墜;crash, fall (down), s'écraser;お.ちる, お.つ;ツイ;1
椎;chinquapin, mallet, spine;つち, う.つ;ツイ, スイ;1
塚;hillock, mound, butte;つか, -づか;チョウ;1
槻;Zelkova tree, árbol zelkova;つき;キ;1
漬;pickling, soak, moisten;つ.ける, つ.かる, -づ.け;シ;1
蔦;vine, ivy, lierre;つた;チョウ;1
椿;camellia, camélia, camelia;つばき;チン, チュン;1
坪;two-mat area, approx. thirty-six sq ft, tsubo (3,306 m² );つぼ;ヘイ;1
紬;pongee (a knotted silk cloth), prenda tejida de seda;つむぎ, つむ.ぐ;チュウ;1
釣;angling, fish, catch;つ.る, つ.り, つ.り-;チョウ;1
鶴;crane, stork, grue;つる;カク;1
亭;pavilion, restaurant, mansion;;テイ, チン;1
偵;spy, espion, espiar;;テイ;1
貞;upright, chastity, constancy;さだ;テイ;1
呈;display, offer, present;;テイ;1
堤;dike, bank, embankment;つつみ;テイ;1
帝;sovereign, the emperor, god;みかど;テイ;1
廷;courts, imperial court, government office;;テイ;1
悌;serving our elders, servir a los mayores;;テイ, ダイ;1
抵;resist, reach, touch;;テイ;1
提;propose, take along, carry in hand;さ.げる;テイ, チョウ, ダイ;1
汀;water's edge, shore, bank;みぎわ, なぎさ;テイ;1
禎;happiness, blessed, good fortune;さいわ.い;テイ;1
締;tighten, tie, shut;し.まる, し.まり, し.める;テイ;1
艇;rowboat, small boat, barque;;テイ;1
訂;revise, correct, decide;;テイ;1
逓;relay, in turn, sending;かわ.る, たがいに;テイ;1
邸;residence, mansion, résidence;やしき;テイ;1
摘;pinch, pick, pluck;つ.む;テキ;1
敵;enemy, foe, opponent;かたき, あだ, かな.う;テキ;1
笛;flute, clarinet, pipe;ふえ;テキ;1
哲;philosophy, clear, philosophie;さとい, あき.らか, し.る;テツ;1
徹;penetrate, clear, pierce;;テツ;1
撤;remove, withdraw, disarm;;テツ;1
迭;transfer, alternation, transférer;;テツ;1
典;code, ceremony, law;;テン, デン;1
添;annexed, accompany, marry;そ.える, そ.う, も.える;テン;1
吐;spit, vomit, belch;は.く, つ.く;ト;1
斗;Big Dipper, ten sho (vol), sake dipper;;ト, トウ;1
杜;woods, grove, bosque;もり, ふさ.ぐ, やまなし;ト, トウ, ズ;1
奴;guy, slave, manservant;やつ, やっこ;ド;1
刀;sword, saber, knife;かたな, そり;トウ;1
唐;T'ang, China, foreign;から;トウ;1
悼;lament, grieve over, déplorer;いた.む;トウ;1
搭;board, load (a vehicle), ride;;トウ;1
桃;peach, pêche (fruit), melocotonero;もも;トウ;1
棟;ridgepole, ridge, faîte;むね, むな-;トウ;1
痘;pox, smallpox, variole;;トウ;1
糖;sugar, sucre, azúcar;;トウ;1
統;overall, relationship, ruling;す.べる, ほび.る;トウ;1
藤;wisteria, glycine, glicina (planta);ふじ;トウ, ドウ;1
討;chastise, attack, defeat;う.つ;トウ;1
謄;mimeograph, copy, copie;;トウ;1
豆;beans, pea, midget;まめ, まめ-;トウ, ズ;1
踏;step, trample, carry through;ふ.む, ふ.まえる;トウ;1
透;transparent, permeate, filter;す.く, す.かす, す.ける;トウ;1
陶;pottery, porcelain, poterie;;トウ;1
騰;leaping up, jumping up, rising;あが.る, のぼ.る;トウ;1
闘;fight, war, lutte;たたか.う, あらそ.う;トウ;1
憧;yearn after, long for, aspire to;あこが.れる;ショウ, トウ, ドウ;1
洞;den, cave, excavation;ほら;ドウ;1
瞳;pupil (of eye), pupille (oeil), pupila;ひとみ;ドウ, トウ;1
胴;trunk, torso, hull (ship);;ドウ;1
峠;mountain peak, mountain pass, climax;とうげ;;1
匿;hide, shelter, shield;かくま.う;トク;1
徳;benevolence, virtue, goodness;;トク;1
督;coach, command, urge;;トク;1
篤;fervent, kind, cordial;あつ.い;トク;1
凸;convex, beetle brow, uneven;でこ;トツ;1
寅;sign of the tiger, 3-5AM, third sign of Chinese zodiac;とら;イン;1
酉;west, bird, sign of the bird;とり;ユウ;1
屯;barracks, police station, camp;たむろ;トン;1
惇;sincere, kind, considerate;あつ.い;シュン, ジュン, トン;1
敦;industry, kindliness, bondad;あつ.い;トン, タイ, ダン;1
豚;pork, pig, porc;ぶた;トン;1
奈;Nara, what?, Nara;いかん, からなし;ナ, ナイ, ダイ;1
那;what?, abundante, ¿qué?;なに, なんぞ, いかん;ナ, ダ;1
凪;lull, calm, (kokuji);なぎ, な.ぐ;;1
捺;press, print, affix a seal;さ.す, お.す;ナツ, ダツ;1
縄;straw rope, cord, corde;なわ, ただ.す;ジョウ;1
楠;camphor tree, camphrier, árbol de alcanfor;くす, くすのき;ナン, ダン, ゼン;1
尼;nun, nonne, monja budista;あま;ニ;1
弐;II, two, second;ふた.つ, そえ;ニ, ジ;1
虹;rainbow, arc-en-ciel, arco iris;にじ;コウ;1
如;likeness, like, such as;ごと.し;ジョ, ニョ;1
尿;urine, urine, orina;;ニョウ;1
妊;pregnancy, grossesse, enceinte (femme);はら.む, みごも.る;ニン, ジン;1
忍;endure, bear, put up with;しの.ぶ, しの.ばせる;ニン;1
寧;rather, preferably, peaceful;むし.ろ;ネイ;1
粘;sticky, glutinous, greasy;ねば.る;ネン;1
乃;from, possessive particle, whereupon;の, すなわ.ち, なんじ;ナイ, ダイ, ノ;1
之;of, this, de;の, これ, ゆく;シ;1
納;settlement, obtain, reap;おさ.める, -おさ.める, おさ.まる;ノウ, ナッ, ナ;1
巴;comma-design, remolino;ともえ, うずまき;ハ;1
把;grasp, faggot, bunch;;ハ, ワ;1
覇;hegemony, supremacy, leadership;はたがしら;ハ, ハク;1
派;faction, group, party;;ハ;1
婆;old woman, grandma, wet nurse;ばば, ばあ;バ;1
俳;haiku, actor, acteur;;ハイ;1
廃;abolish, obsolete, cessation;すた.れる, すた.る;ハイ;1
排;repudiate, exclude, expel;;ハイ;1
肺;lungs, poumon, pulmones;;ハイ;1
輩;comrade, fellow, people;-ばら, やから, やかい;ハイ;1
培;cultivate, foster, culture (plantes);つちか.う;バイ;1
媒;mediator, go-between, médiateur;なこうど;バイ;1
梅;plum, prune, ciruela;うめ;バイ;1
賠;compensation, indemnify, compensations;;バイ;1
陪;obeisance, follow, accompany;;バイ;1
萩;bush clover, trébol;はぎ;シュウ;1
伯;chief, count, earl;;ハク;1
博;Dr., command, esteem;;ハク, バク;1
拍;clap, beat (music), applaudir;;ハク, ヒョウ;1
舶;liner, ship, paquebot;;ハク;1
迫;urge, force, imminent;せま.る;ハク;1
漠;vague, obscure, desert;;バク;1
縛;truss, arrest, bind;しば.る;バク;1
肇;beginning, comienzo, apertura;はじ.める, はじめ;チョウ, ジョウ, トウ;1
鉢;bowl, rice tub, pot;;ハチ, ハツ;1
伐;fell, strike, attack;き.る, そむ.く, う.つ;バツ, ハツ, カ;1
罰;penalty, punishment, punition;ばっ.する;バツ, バチ, ハツ;1
閥;clique, lineage, pedigree;;バツ;1
鳩;pigeon, dove, pigeon;はと, あつ.める;キュウ, ク;1
隼;falcon, halcón;はやぶさ;シュン, ジュン;1
伴;consort, accompany, bring with;ともな.う;ハン, バン;1
帆;sail, voile, vela de barco;ほ;ハン;1
搬;conveyor, carry, transport;;ハン;1
班;squad, corps, unit;;ハン;1
畔;paddy ridge, levee, levée de terre;あぜ, くろ, ほとり;ハン;1
繁;luxuriant, thick, overgrown;しげ.る, しげ.く;ハン;1
藩;clan, enclosure, clan;;ハン;1
範;pattern, example, model;;ハン;1
煩;anxiety, trouble, worry;わずら.う, わずら.わす, うるさ.がる;ハン, ボン;1
頒;distribute, disseminate, partition;わか.つ;ハン;1
盤;tray, shallow bowl, platter;;バン;1
蛮;barbarian, barbare, bárbaro;えびす;バン;1
卑;lowly, base, vile;いや.しい, いや.しむ, いや.しめる;ヒ;1
妃;queen, princess, reine;きさき;ヒ;1
扉;front door, title page, front page;とびら;ヒ;1
披;expose, open, exposer;;ヒ;1
斐;beautiful, patterned, bello;;ヒ, イ;1
泌;ooze, flow, soak in;;ヒツ, ヒ;1
碑;tombstone, monument, pierre tombale;いしぶみ;ヒ;1
秘;secret, conceal, garder secret;ひ.める, ひそ.か, かく.す;ヒ;1
緋;scarlet, cardinal, escarlata;あけ, あか;ヒ;1
罷;quit, stop, leave;まか.り-, や.める;ヒ;1
肥;fertilizer, get fat, fertile;こ.える, こえ, こ.やす;ヒ;1
避;evade, avoid, avert;さ.ける, よ.ける;ヒ;1
尾;tail, end, counter for fish;お;ビ;1
微;delicate, minuteness, insignificance;かす.か;ビ;1
眉;eyebrow, ceja, forma de la cabeza;まゆ;ビ, ミ;1
柊;holly, acebo;ひいらぎ;シュ, シュウ;1
彦;lad, boy (ancient), bonhomme;ひこ;ゲン;1
姫;princess, princesse, princesa;ひめ, ひめ-;キ;1
媛;beautiful woman, princess, belle femme;ひめ;エン;1
俵;bag, bale, sack;たわら;ヒョウ;1
彪;spotted, mottled, patterned;あや;ヒョウ, ヒュウ;1
漂;drift, float (on liquid), dériver;ただよ.う;ヒョウ;1
票;ballot, label, ticket;;ヒョウ;1
描;sketch, compose, write;えが.く, か.く;ビョウ;1
苗;seedling, sapling, shoot;なえ, なわ-;ビョウ, ミョウ;1
彬;refined, gentle, refinado;うるわ.しい, あき.らか;ヒン, フン;1
浜;seacoast, beach, seashore;はま;ヒン;1
賓;V.I.P., guest, V.I.P;;ヒン;1
頻;repeatedly, recur, sans cesse;しき.りに;ヒン;1
敏;cleverness, agile, alert;さとい;ビン;1
瓶;bottle, vial, jar;かめ;ビン;1
扶;aid, help, assist;たす.ける;フ;1
敷;spread, pave, sit;し.く, -し.き;フ;1
腐;rot, decay, sour;くさ.る, -くさ.る, くさ.れる;フ;1
芙;lotus, Mt Fuji, loto;;フ;1
譜;musical score, music, note;;フ;1
賦;levy, ode, prose;;フ, ブ;1
赴;proceed, get, become;おもむ.く;フ;1
附;affixed, attach, refer to;つ.ける, つ.く;フ;1
侮;scorn, despise, make light of;あなど.る, あなず.る;ブ;1
楓;maple, arce;かえで;フウ;1
蕗;butterbur, bog rhubarb, petasites (planta);ふき;ロ, ル;1
伏;prostrated, bend down, bow;ふ.せる, ふ.す;フク;1
覆;capsize, cover, shade;おお.う, くつがえ.す, くつがえ.る;フク;1
噴;erupt, spout, emit;ふ.く;フン;1
墳;tomb, mound, tombeau;;フン;1
憤;aroused, resent, be indignant;いきどお.る;フン;1
奮;stirred up, be invigorated, flourish;ふる.う;フン;1
紛;distract, be mistaken for, go astray;まぎ.れる, -まぎ.れ, まぎ.らす;フン;1
雰;atmosphere, fog, atmosphère;;フン;1
丙;third class, 3rd, 3rd calendar sign;ひのえ;ヘイ;1
併;join, get together, unite;あわ.せる;ヘイ;1
塀;fence, wall, (kokuji);;ヘイ, ベイ;1
幣;cash, bad habit, humble prefix;ぬさ;ヘイ;1
弊;abuse, evil, vice;;ヘイ;1
柄;design, pattern, build;がら, え, つか;ヘイ;1
陛;highness, steps (of throne), son altesse;;ヘイ;1
癖;mannerism, habit, vice;くせ, くせ.に;ヘキ;1
碧;blue, green, azul;;ヘキ, ヒャク;1
偏;partial, side, left-side radical;かたよ.る;ヘン;1
遍;everywhere, times, widely;あまね.く;ヘン;1
弁;valve, petal, braid;かんむり, わきま.える, わ.ける;ベン, ヘン;1
舗;shop, store, pave;;ホ;1
甫;for the first time, not until, principio;はじ.めて;ホ, フ;1
輔;help, ayudar;たす.ける;ホ, フ;1
穂;ear, ear (grain), head;ほ;スイ;1
墓;grave, tomb, tombe;はか;ボ;1
慕;pining, yearn for, love dearly;した.う;ボ;1
簿;register, record book, registre;;ボ;1
倣;emulate, imitate, imiter;なら.う;ホウ;1
俸;stipend, salary, traitement;;ホウ;1
奉;observance, offer, present;たてまつ.る, まつ.る, ほう.ずる;ホウ, ブ;1
峰;summit, peak, sommet;みね, ね;ホウ;1
崩;crumble, die, demolish;くず.れる, -くず.れ, くず.す;ホウ;1
朋;companion, friend, compagnon;とも;ホウ;1
泡;bubbles, foam, suds;あわ;ホウ;1
砲;cannon, gun, canon;;ホウ;1
縫;sew, stitch, embroider;ぬ.う;ホウ;1
胞;placenta, sac, sheath;;ホウ;1
芳;perfume, balmy, favorable;かんば.しい;ホウ;1
萌;show symptoms of, sprout, bud;も.える, きざ.す, めばえ;ホウ;1
褒;praise, extol, éloge;ほ.める;ホウ;1
邦;home country, country, Japan;くに;ホウ;1
飽;sated, tired of, bored;あ.きる, あ.かす, あ.く;ホウ;1
鳳;male mythical bird, pájaro mítico;;ホウ, フウ;1
鵬;phoenix, fénix;おおとり;ホウ;1
乏;destitution, scarce, limited;とぼ.しい, とも.しい;ボウ;1
傍;bystander, side, besides;かたわ.ら, わき, おか-;ボウ;1
剖;divide, disséquer, diviser;;ボウ;1
妨;disturb, prevent, hamper;さまた.げる;ボウ;1
房;tassel, tuft, fringe;ふさ;ボウ;1
某;so-and-so, one, a certain;それがし, なにがし;ボウ;1
冒;risk, face, defy;おか.す;ボウ;1
紡;spinning, filage, hilado;つむ.ぐ;ボウ;1
肪;obese, fat, obèse;;ボウ;1
膨;swell, get fat, thick;ふく.らむ, ふく.れる;ボウ;1
謀;conspire, cheat, impose on;はか.る, たばか.る, はかりごと;ボウ, ム;1
僕;me, I (male), je (masculin);しもべ;ボク;1
墨;black ink, India ink, ink stick;すみ;ボク;1
撲;slap, strike, hit;;ボク;1
朴;crude, simple, plain;ほう, ほお, えのき;ボク;1
牧;breed, care for, shepherd;まき;ボク;1
睦;intimate, friendly, harmonious;むつ.まじい, むつ.む, むつ.ぶ;ボク, モク;1
没;drown, sink, hide;おぼ.れる, しず.む, ない;ボツ, モツ;1
堀;ditch, moat, canal;ほり;クツ;1
奔;run, bustle, courir;はし.る;ホン;1
翻;flip, turn over, wave;ひるがえ.る, ひるがえ.す;ホン, ハン;1
凡;commonplace, ordinary, mediocre;およ.そ, おうよ.そ, すべ.て;ボン, ハン;1
盆;basin, lantern festival, tray;;ボン;1
摩;chafe, rub, polish;ま.する, さす.る, す.る;マ;1
魔;witch, demon, evil spirit;;マ;1
麻;hemp, flax, numb;あさ;マ, マア;1
槙;twig, ornamental evergreen, extremo de una rama;まき, こずえ;テン, シン;1
幕;curtain, bunting, act of play;とばり;マク, バク;1
膜;membrane, membrane, membrana;;マク;1
柾;straight grain, spindle tree, (kokuji);まさ, まさめ, まさき;;1
亦;also, again, también;また;エキ, ヤク;1
又;or again, furthermore, on the other hand;また, また-, また.の-;ユウ;1
抹;rub, paint, erase;;マツ;1
繭;cocoon, cocon, capullo;まゆ, きぬ;ケン;1
麿;I, you, (kokuji);まろ;;1
慢;ridicule, laziness, vanité;;マン;1
漫;cartoon, involuntarily, unrestrained;みだり.に, そぞ.ろ;マン;1
魅;fascination, charm, bewitch;;ミ;1
巳;sign of the snake or serpent, 9-11AM, sixth sign of Chinese zodiac;み;シ;1
岬;headland, cape, spit;みさき;コウ;1
密;secrecy, density (pop), minuteness;ひそ.か;ミツ;1
稔;harvest, ripen, cosechar;みの.る, みのり;ネン, ジン, ニン;1
脈;vein, pulse, hope;すじ;ミャク;1
妙;exquisite, strange, queer;たえ;ミョウ, ビョウ;1
矛;halberd, arms, festival float;ほこ;ム, ボウ;1
霧;fog, mist, brouillard;きり;ム, ボウ, ブ;1
椋;type of deciduous tree, grey starling, tipo de árbol de hoja caduca;むく;リョウ;1
婿;bridegroom, son-in-law, fiancé;むこ;セイ;1
盟;alliance, oath, alliance;;メイ;1
銘;inscription, signature (of artisan), inscription (gravée);;メイ;1
滅;destroy, ruin, overthrow;ほろ.びる, ほろ.ぶ, ほろ.ぼす;メツ;1
免;excuse, dismissal, excuser;まぬか.れる, まぬが.れる;メン;1
模;imitation, copy, mock;;モ, ボ;1
茂;overgrown, grow thick, be luxuriant;しげ.る;モ;1
妄;delusion, unnecessarily, without authority;みだ.りに;モウ, ボウ;1
孟;chief, beginning, jefe;かしら;モウ, ボウ, ミョウ;1
猛;fierce, rave, rush;;モウ;1
盲;blind, blind man, ignoramus;めくら;モウ;1
網;netting, network, filet;あみ;モウ;1
耗;decrease, décroître, disminuir;;モウ, コウ, カウ;1
黙;silence, become silent, stop speaking;だま.る, もだ.す;モク, ボク;1
紋;family crest, figures, armoiries;;モン;1
匁;monme, 3.75 grams, (kokuji);もんめ, め;;1
也;to be (classical), ser;なり, か, また;ヤ, エ;1
冶;melting, smelting, fundición;い.る;ヤ;1
耶;question mark, interrogación, palabra para llamar al padre;か;ヤ, ジャ;1
弥;all the more, increasingly, más aún;いや, や, あまねし;ミ, ビ;1
矢;dart, arrow, fléchette;や;シ;1
厄;unlucky, misfortune, bad luck;;ヤク;1
訳;translate, reason, circumstance;わけ;ヤク;1
躍;leap, dance, skip;おど.る;ヤク;1
靖;peaceful, tranquilo, apacible;やす.んじる;セイ, ジョウ;1
柳;willow, saule, sauce;やなぎ;リュウ;1
愉;pleasure, happy, rejoice;たの.しい, たの.しむ;ユ;1
癒;healing, cure, quench (thirst);い.える, いや.す, い.やす;ユ;1
諭;rebuke, admonish, charge;さと.す;ユ;1
唯;solely, only, merely;ただ;ユイ, イ;1
佑;help, assist, proteger;たす.ける;ユウ, ウ;1
宥;soothe, calm, pacify;なだ.める, ゆる.す;ユウ;1
幽;seclude, confine to a room, deep;ふか.い, かす.か, くら.い;ユウ;1
悠;permanence, distant, long time;;ユウ;1
憂;melancholy, grieve, lament;うれ.える, うれ.い, う.い;ユウ;1
柚;citron, cidra, árbol de frutos cítricos;ゆず;ユ, ユウ, ジク;1
湧;boil, ferment, seethe;わ.く;ユウ, ヨウ, ユ;1
猶;furthermore, still, yet;なお;ユウ, ユ;1
祐;help, ayudar;たす.ける;ユウ, ウ;1
裕;abundant, rich, fertile;;ユウ;1
誘;entice, lead, tempt;さそ.う, いざな.う;ユウ, イウ;1
邑;village, rural community, right village radical (no. 163);うれ.える, くに, むら;ユウ;1
雄;masculine, male, hero;お-, おす, おん;ユウ;1
融;dissolve, melt, dissoudre;と.ける, と.かす;ユウ;1
誉;reputation, praise, honor;ほま.れ, ほ.める;ヨ;1
庸;commonplace, ordinary, employment;;ヨウ;1
揚;raise, elevate, hoist;あ.げる, -あ.げ, あ.がる;ヨウ;1
揺;swing, shake, sway;ゆ.れる, ゆ.る, ゆ.らぐ;ヨウ;1
擁;hug, embrace, possess;;ヨウ;1
楊;willow, sauce;かわ, やなぎ;ヨウ;1
窯;kiln, oven, furnace;かま;ヨウ;1
羊;sheep, mouton, oveja;ひつじ;ヨウ;1
耀;shine, sparkle, gleam;かがや.く, ひかり;ヨウ;1
蓉;lotus, loto;;ヨウ;1
謡;song, sing, ballad;うた.い, うた.う;ヨウ;1
遥;far off, distant, long ago;はる.か;ヨウ;1
養;foster, bring up, rear;やしな.う;ヨウ, リョウ;1
抑;repress, well, now;おさ.える;ヨク;1
翼;wing, plane, flank;つばさ;ヨク;1
羅;gauze, thin silk, Rome;うすもの;ラ;1
裸;naked, nude, uncovered;はだか;ラ;1
雷;thunder, lightning bolt, tonnerre;かみなり, いかずち, いかづち;ライ;1
酪;dairy products, whey, broth;;ラク;1
嵐;storm, tempest, tempête;あらし;ラン;1
欄;column, handrail, blank;てすり;ラン;1
濫;excessive, overflow, spread out;みだ.りに, みだ.りがましい;ラン;1
藍;indigo, índigo;あい;ラン;1
蘭;orchid, Holland, Hollande;;ラン, ラ;1
覧;perusal, see, lecture;み.る;ラン;1
吏;officer, an official, fonctionnaire;;リ;1
履;perform, complete, footgear;は.く;リ;1
李;plum, ciruela;すもも;リ;1
梨;pear tree, poire, peral;なし;リ;1
璃;glassy, lapis lazuli, lapislázuli;;リ;1
痢;diarrhea, diarrhée, diarrea;;リ;1
里;ri, village, parent's home;さと;リ;1
離;detach, separation, disjoin;はな.れる, はな.す;リ;1
琉;precious stone, gem, lapis lazuli;;リュウ, ル;1
硫;sulphur, soufre, azufre abreviatura de ácido sulfúrico;;リュウ;1
隆;hump, high, noble;;リュウ;1
竜;dragon, imperial, dragon;たつ, いせ;リュウ, リョウ, ロウ;1
慮;prudence, thought, concern;おもんぱく.る, おもんぱか.る;リョ;1
虜;captive, barbarian, low epithet for the enemy;とりこ, とりく;リョ, ロ;1
亮;clear, help, claro;あきらか;リョウ;1
僚;colleague, official, companion;;リョウ;1
凌;endure, keep (rain)out, stave off;しの.ぐ;リョウ;1
寮;dormitory, hostel, villa;;リョウ;1
猟;game-hunting, shooting, game;かり, か.る;リョウ, レフ;1
瞭;clear, claro, luminoso;あきらか;リョウ;1
稜;angle, edge, corner;いつ, かど;リョウ, ロウ;1
糧;provisions, food, bread;かて;リョウ, ロウ;1
諒;fact, reality, understand;あきら.か, まことに;リョウ;1
遼;distant, distante, lejano;;リョウ;1
陵;mausoleum, imperial tomb, mound;みささぎ;リョウ;1
倫;ethics, companion, éthique;;リン;1
厘;rin, 1/10 sen, 1/10 bu;;リン;1
琳;jewel, tinkling of jewelry, joya;;リン;1
臨;look to, face, meet;のぞ.む;リン;1
隣;neighboring, voisin, colindante;とな.る, となり;リン;1
麟;Chinese unicorn, genius, giraffe;;リン;1
瑠;lapis lazuli, lapislázuli;;ル, リュウ;1
塁;bases, fort, rampart;とりで;ルイ, ライ, スイ;1
累;accumulate, involvement, trouble;;ルイ;1
伶;actor, músico, inteligente;わざおぎ;レイ, リョウ;1
励;encourage, be diligent, inspire;はげ.む, はげ.ます;レイ;1
嶺;peak, summit, pico;みね;レイ, リョウ;1
怜;wise, sabio, astuto;あわ.れむ, さと.い;レイ, レン, リョウ;1
玲;sound of jewels, joya perfectamente clara, sonido de joyas;;レイ;1
鈴;small bell, buzzer, clochette;すず;レイ, リン;1
隷;slave, servant, prisoner;したが.う, しもべ;レイ;1
霊;spirits, soul, esprits;たま;レイ, リョウ;1
麗;lovely, beautiful, graceful;うるわ.しい, うら.らか;レイ;1
暦;calendar, almanac, calendrier;こよみ, りゃく;レキ;1
劣;inferiority, be inferior to, be worse;おと.る;レツ;1
烈;ardent, violent, vehement;はげ.しい;レツ;1
裂;split, rend, tear;さ.く, さ.ける, -ぎ.れ;レツ;1
廉;bargain, reason, charge;;レン;1
蓮;lotus, loto;はす, はちす;レン;1
錬;tempering, refine, drill;ね.る;レン;1
呂;spine, backbone, colonne vertébrale;せぼね;ロ, リョ;1
炉;hearth, furnace, kiln;いろり;ロ;1
露;dew, tears, expose;つゆ;ロ, ロウ;1
廊;corridor, hall, tower;;ロウ;1
朗;melodious, clear, bright;ほが.らか, あき.らか;ロウ;1
楼;watchtower, lookout, high building;たかどの;ロウ;1
浪;wandering, waves, billows;;ロウ;1
漏;leak, escape, time;も.る, も.れる, も.らす;ロウ;1
郎;son, counter for sons, fils (enfant);おとこ;ロウ, リョウ;1
禄;fief, allowance, pension;さいわ.い, ふち;ロク;1
倭;Yamato, ancient Japan, Yamato;したが.う;ワ, イ;1
賄;bribe, board, supply;まかな.う;ワイ;1
惑;beguile, delusion, perplexity;まど.う;ワク;1
枠;frame, framework, spindle;わく;;1
亘;span, range, extend over;わた.る, もと.める;コウ, カン, セン;1
侑;urge to eat, animar a comer, ayudar;すす.める, たす.ける;ユウ, ウ;1
勁;strong, fuerte;つよ.い;ケイ;1
奎;star, god of literature, estrella;;ケイ, キ;1
崚;mountains towering in a row, destacarse en una fila;;リョウ;1
彗;comet, cometa;ほうき;スイ, エ, ケイ;1
昴;the Pleiades, ascenso, incremento;すばる;コウ, ボウ;1
晏;late, quiet, sets (sun);おそ.い;アン;1
晨;morning, early, mañana;あした, とき, あさ;シン;1
晟;clear, claro;あきらか;セイ, ジョウ;1
暉;shine, light, brillo;かが.やく;キ;1
栞;bookmark, guidebook, marcador;しおり;カン;1
椰;coconut tree, cocotero;やし;ヤ;1
毬;burr, ball, pelota;いが, まり;キュウ;1
洸;sparkling water, vasto, enorme;;コウ;1
洵;alike, truth, ciertamente;の.ぶ, まこと.に;ジュン, シュン;1
滉;deep and broad, profundo y amplio;ひろ.い;コウ;1
漱;gargle, rinse mouth, gárgaras;くちすす.ぐ, くちそそ.ぐ, うがい;ソウ, シュウ, ス;1
澪;water route, shipping channel, camino acuático;みお;レイ;1
燎;burn, bonfire, incendiar;かがりび;リョウ;1
燿;shine, brillar, brillo;かがや.く, ひかり;ヨウ;1
瑶;beautiful as a jewel, joya bella;たま;ヨウ;1
皓;white, clear, blanco puro;しろ.い, ひか.る;コウ;1
眸;pupil of the eye, pupila, ojo;ひとみ;ボウ, ム;1
笙;a reed instrument, instrumento de junco, instrumento de viento con lengüeta;ふえ;ショウ, ソウ;1
綺;figured cloth, beautiful, bello;あや;キ;1
綸;thread, silk cloth, hilo;いと;リン, カン;1
翔;soar, fly, remontarse;かけ.る, と.ぶ;ショウ;1
脩;dried meat, carne seca, largo;おさ.める, なが.い, ほじし;シュウ;1
茉;jasmine, jazmín;;マツ, バツ, マ;1
莉;jasmine, jazmín;;リ, ライ, レイ;1
菫;the violet, violeta;すみれ;キン;1
詢;consult with, consultar con;はか.る, まこと;ジュン, シュン;1
諄;tedious, tedioso, aburrido;ひちくど.い, くど.い, くどくど;シュン;1
赳;strong and brave, valiente, valeroso;;キュウ;1
迪;edify, way, path;みち, みちび.く, すす.む;テキ;1
頌;eulogy, elogiar, alabar;かたち, たた.える, ほめ.る;ショウ, ジュ, ヨウ;1
颯;sudden, quick, sound of the wind;さっ.と;サツ, ソウ;1
黎;dark, black, many;くろ.い;レイ, リ;1
凜;cold, strict, severe;きびし.い;リン;1
熙;bright, sunny, prosperous;たのし.む, ひか.る, ひろ.い;キ;1
